<?xml version="1.0" encoding="UTF-8"?>
<classpath>
	<classpathentry kind="src" path="src"/>
	<classpathentry kind="con" path="org.eclipse.jdt.launching.JRE_CONTAINER/org.eclipse.jdt.internal.debug.ui.launcher.StandardVMType/JavaSE-1.7"/>
	<classpathentry kind="lib" path="jars/cloudsim-3.0.3-sources.jar"/>
	<classpathentry kind="lib" path="jars/cloudsim-3.0.3.jar"/>
	<classpathentry kind="lib" path="jars/cloudsim-examples-3.0.3-sources.jar"/>
	<classpathentry kind="lib" path="jars/cloudsim-examples-3.0.3.jar"/>
	<classpathentry kind="lib" path="jars/commons-math3-3.2.jar"/>
	<classpathentry kind="lib" path="lib/jdom-1.0.jar"/>
	<classpathentry kind="output" path="bin"/>
</classpath>
