<?xml version="1.0" encoding="UTF-8"?>
<Workflow>
	<Qos-Constraints>
		<!-- <Qos-Constraint name ="deadline"  value="130"/> -->
		<Qos-Constraint name ="cost"  value="on"/>
	</Qos-Constraints>

	<Tasks>	
		<Task id ="1" lenght="3679539" fileSize="3109" outputSize="3000" nbOfPes ="1"  />
		<Task id ="2" lenght="1893577" fileSize="3601" outputSize="2000" nbOfPes ="1"  />
		<Task id ="3" lenght="3872058" fileSize="4432" outputSize="1000" nbOfPes ="2" />
		<Task id ="4" lenght="3000201" fileSize="2019" outputSize="2000" nbOfPes ="3" />
		<Task id ="5" lenght="2047369" fileSize="4000" outputSize="5000"    nbOfPes ="1" />
		<Task id ="6" lenght="205890" fileSize="4300" outputSize="7000"    nbOfPes ="1" />
		<Task id ="7" lenght="701230" fileSize="4500" outputSize="2000"    nbOfPes ="1" />
		<Task id ="8" lenght="2547369" fileSize="1000" outputSize="8000"    nbOfPes ="1" />
		<Task id ="9" lenght="5487369" fileSize="6000" outputSize="2000"    nbOfPes ="1" />
	</Tasks>

	
	<Branches>
		<Branch id ="11" type="AND-Split"/><!-- 11 est l'iden,tifiant de AND-Split -->
		<Branch id ="12" type="AND-Join"/><!-- 12 est l'iden,tifiant de AND-join -->
	</Branches>

	<Transitions>
		<Transition id="A" from="1" to="2"/>  
		<Transition id="B" from="2" to="11"/>
		<Transition id="C" from="11" to="3"/>
		<Transition id="D" from="11" to="4"/>
		<Transition id="E" from="4" to="5"/>
		<Transition id="F" from="5" to="6"/>
		<Transition id="G" from="6" to="7"/>
		<Transition id="h" from="7" to="8"/>
		<Transition id="i" from="8" to="12"/>
		<Transition id="j" from="3" to="12"/>
		<Transition id="k" from="12" to="9"/>
	</Transitions>

</Workflow>




	

		
